{
  "total_samples": 211,
  "valid_json_count": 211,
  "valid_json_rate": 1.0,
  "invalid_json_count": 0,
  "strict_correct_count": 196,
  "accuracy": 0.9289099526066351,
  "disaster_type_accuracy": 0.9289099526066351,
  "macro_f1": 0.8532560248265201,
  "weighted_f1": 0.9295149947919337,
  "canonical_prediction_count": 211,
  "canonical_prediction_rate": 1.0,
  "noncanonical_prediction_count": 0,
  "missing_prediction_count": 0,
  "valid_subset_count": 211,
  "valid_subset_accuracy": 0.9289099526066351,
  "valid_subset_macro_f1": 0.8532560248265201,
  "valid_subset_weighted_f1": 0.9295149947919337,
  "per_class_metrics": {
    "flood": {
      "precision": 0.8727272727272727,
      "recall": 0.9230769230769231,
      "f1": 0.897196261682243,
      "support": 52
    },
    "earthquake": {
      "precision": 1.0,
      "recall": 0.9387755102040817,
      "f1": 0.968421052631579,
      "support": 49
    },
    "fire": {
      "precision": 0.9722222222222222,
      "recall": 1.0,
      "f1": 0.9859154929577465,
      "support": 35
    },
    "landslide": {
      "precision": 1.0,
      "recall": 0.9,
      "f1": 0.9473684210526315,
      "support": 40
    },
    "windstorm_or_typhoon": {
      "precision": 0.8787878787878788,
      "recall": 0.9666666666666667,
      "f1": 0.9206349206349206,
      "support": 30
    },
    "other": {
      "precision": 0.4,
      "recall": 0.4,
      "f1": 0.4,
      "support": 5
    }
  },
  "damage_count_exact_match": 0,
  "damage_count_mae": 0,
  "damage_count_bucket_accuracy": {},
  "all_fields_exact_match": 0,
  "field_completion_rate": {
    "disaster_type": 1.0,
    "damage_count": 1.0,
    "object_relations": 1.0,
    "report": 1.0
  },
  "avg_latency": 9.982245914179002,
  "median_latency": 9.688716411590576,
  "p95_latency": 12.95120894908905,
  "peak_gpu_memory_gb": 4.2226176261901855,
  "accuracy_ci": [
    0.8957345971563981,
    0.9620853080568721
  ],
  "macro_f1_ci": [
    0.7732969722099454,
    0.9190548082853588
  ],
  "confusion_matrix_labels": [
    "flood",
    "earthquake",
    "fire",
    "landslide",
    "windstorm_or_typhoon",
    "other",
    "__invalid_or_noncanonical__"
  ],
  "confusion_matrix": [
    [
      48,
      0,
      0,
      0,
      3,
      1,
      0
    ],
    [
      0,
      46,
      0,
      0,
      1,
      2,
      0
    ],
    [
      0,
      0,
      35,
      0,
      0,
      0,
      0
    ],
    [
      4,
      0,
      0,
      36,
      0,
      0,
      0
    ],
    [
      1,
      0,
      0,
      0,
      29,
      0,
      0
    ],
    [
      2,
      0,
      1,
      0,
      0,
      2,
      0
    ],
    [
      0,
      0,
      0,
      0,
      0,
      0,
      0
    ]
  ],
  "scale": "50",
  "adapter_path": "ablation_adapters_retrained_20260514\\scale_50pct",
  "eval_config": {
    "model_path": "C:\\Users\\34791\\Desktop\\数据集\\models\\Qwen3-VL-2B-Instruct",
    "adapter_path": "ablation_adapters_retrained_20260514\\scale_50pct",
    "test_data_path": "C:\\Users\\34791\\Desktop\\数据集\\data\\dataset_test_canonical_clean.json",
    "images_dir": "C:\\Users\\34791\\Desktop\\数据集\\sample_images",
    "output_dir": "ablation_eval_results_v3_retrained_20260514",
    "torch_dtype": "bfloat16",
    "device_map": "auto",
    "max_pixels": 262144,
    "max_new_tokens": 512,
    "temperature": 0.0,
    "do_sample": false,
    "seed": 42,
    "bootstrap_samples": 1000,
    "confidence_level": 0.95
  }
}