{
  "total_samples": 211,
  "valid_json_count": 211,
  "valid_json_rate": 1.0,
  "invalid_json_count": 0,
  "strict_correct_count": 196,
  "accuracy": 0.9289099526066351,
  "disaster_type_accuracy": 0.9289099526066351,
  "macro_f1": 0.8462133811900028,
  "weighted_f1": 0.9318847689485995,
  "canonical_prediction_count": 211,
  "canonical_prediction_rate": 1.0,
  "noncanonical_prediction_count": 0,
  "missing_prediction_count": 0,
  "valid_subset_count": 211,
  "valid_subset_accuracy": 0.9289099526066351,
  "valid_subset_macro_f1": 0.8462133811900028,
  "valid_subset_weighted_f1": 0.9318847689485995,
  "per_class_metrics": {
    "flood": {
      "precision": 0.9056603773584906,
      "recall": 0.9230769230769231,
      "f1": 0.9142857142857143,
      "support": 52
    },
    "earthquake": {
      "precision": 1.0,
      "recall": 0.8979591836734694,
      "f1": 0.946236559139785,
      "support": 49
    },
    "fire": {
      "precision": 0.9722222222222222,
      "recall": 1.0,
      "f1": 0.9859154929577465,
      "support": 35
    },
    "landslide": {
      "precision": 0.9743589743589743,
      "recall": 0.95,
      "f1": 0.9620253164556962,
      "support": 40
    },
    "windstorm_or_typhoon": {
      "precision": 0.90625,
      "recall": 0.9666666666666667,
      "f1": 0.9354838709677419,
      "support": 30
    },
    "other": {
      "precision": 0.2857142857142857,
      "recall": 0.4,
      "f1": 0.3333333333333333,
      "support": 5
    }
  },
  "damage_count_exact_match": 0,
  "damage_count_mae": 0,
  "damage_count_bucket_accuracy": {},
  "all_fields_exact_match": 0,
  "field_completion_rate": {
    "disaster_type": 1.0,
    "damage_count": 1.0,
    "object_relations": 1.0,
    "report": 1.0
  },
  "avg_latency": 24.281215489193162,
  "median_latency": 10.604347944259644,
  "p95_latency": 55.00524723529816,
  "peak_gpu_memory_gb": 4.2226176261901855,
  "accuracy_ci": [
    0.8957345971563981,
    0.9620853080568721
  ],
  "macro_f1_ci": [
    0.7816398482647133,
    0.9070851170196161
  ],
  "confusion_matrix_labels": [
    "flood",
    "earthquake",
    "fire",
    "landslide",
    "windstorm_or_typhoon",
    "other",
    "__invalid_or_noncanonical__"
  ],
  "confusion_matrix": [
    [
      48,
      0,
      0,
      1,
      2,
      1,
      0
    ],
    [
      0,
      44,
      0,
      0,
      1,
      4,
      0
    ],
    [
      0,
      0,
      35,
      0,
      0,
      0,
      0
    ],
    [
      2,
      0,
      0,
      38,
      0,
      0,
      0
    ],
    [
      1,
      0,
      0,
      0,
      29,
      0,
      0
    ],
    [
      2,
      0,
      1,
      0,
      0,
      2,
      0
    ],
    [
      0,
      0,
      0,
      0,
      0,
      0,
      0
    ]
  ],
  "scale": "100",
  "adapter_path": "ablation_adapters_retrained_20260514\\scale_100pct",
  "eval_config": {
    "model_path": "C:\\Users\\34791\\Desktop\\数据集\\models\\Qwen3-VL-2B-Instruct",
    "adapter_path": "ablation_adapters_retrained_20260514\\scale_100pct",
    "test_data_path": "C:\\Users\\34791\\Desktop\\数据集\\data\\dataset_test_canonical_clean.json",
    "images_dir": "C:\\Users\\34791\\Desktop\\数据集\\sample_images",
    "output_dir": "ablation_eval_results_v3_retrained_20260514",
    "torch_dtype": "bfloat16",
    "device_map": "auto",
    "max_pixels": 262144,
    "max_new_tokens": 512,
    "temperature": 0.0,
    "do_sample": false,
    "seed": 42,
    "bootstrap_samples": 1000,
    "confidence_level": 0.95
  }
}