{
  "total_samples": 211,
  "valid_json_count": 211,
  "valid_json_rate": 1.0,
  "invalid_json_count": 0,
  "strict_correct_count": 187,
  "accuracy": 0.8862559241706162,
  "disaster_type_accuracy": 0.8862559241706162,
  "macro_f1": 0.7599398519688126,
  "weighted_f1": 0.8921346232263859,
  "canonical_prediction_count": 209,
  "canonical_prediction_rate": 0.990521327014218,
  "noncanonical_prediction_count": 2,
  "missing_prediction_count": 0,
  "valid_subset_count": 209,
  "valid_subset_accuracy": 0.8947368421052632,
  "valid_subset_macro_f1": 0.7614050534340141,
  "valid_subset_weighted_f1": 0.898442447056619,
  "per_class_metrics": {
    "flood": {
      "precision": 0.9056603773584906,
      "recall": 0.9230769230769231,
      "f1": 0.9142857142857143,
      "support": 52
    },
    "earthquake": {
      "precision": 0.9555555555555556,
      "recall": 0.8775510204081632,
      "f1": 0.9148936170212766,
      "support": 49
    },
    "fire": {
      "precision": 0.9722222222222222,
      "recall": 1.0,
      "f1": 0.9859154929577465,
      "support": 35
    },
    "landslide": {
      "precision": 0.8809523809523809,
      "recall": 0.925,
      "f1": 0.9024390243902439,
      "support": 40
    },
    "windstorm_or_typhoon": {
      "precision": 0.8888888888888888,
      "recall": 0.8,
      "f1": 0.8421052631578947,
      "support": 30
    },
    "other": {
      "precision": 0.0,
      "recall": 0.0,
      "f1": 0.0,
      "support": 5
    }
  },
  "damage_count_exact_match": 0,
  "damage_count_mae": 0,
  "damage_count_bucket_accuracy": {},
  "all_fields_exact_match": 0,
  "field_completion_rate": {
    "disaster_type": 1.0,
    "damage_count": 1.0,
    "object_relations": 1.0,
    "report": 1.0
  },
  "avg_latency": 3.528824361014705,
  "median_latency": 3.393697738647461,
  "p95_latency": 4.461733937263489,
  "peak_gpu_memory_gb": 4.062209129333496,
  "accuracy_ci": [
    0.8436018957345972,
    0.9241706161137441
  ],
  "macro_f1_ci": [
    0.7270259398726556,
    0.7877024083445321
  ],
  "confusion_matrix_labels": [
    "flood",
    "earthquake",
    "fire",
    "landslide",
    "windstorm_or_typhoon",
    "other",
    "__invalid_or_noncanonical__"
  ],
  "confusion_matrix": [
    [
      48,
      0,
      0,
      0,
      2,
      1,
      1
    ],
    [
      0,
      43,
      0,
      4,
      0,
      2,
      0
    ],
    [
      0,
      0,
      35,
      0,
      0,
      0,
      0
    ],
    [
      3,
      0,
      0,
      37,
      0,
      0,
      0
    ],
    [
      1,
      1,
      0,
      1,
      24,
      3,
      0
    ],
    [
      1,
      1,
      1,
      0,
      1,
      0,
      1
    ],
    [
      0,
      0,
      0,
      0,
      0,
      0,
      0
    ]
  ],
  "eval_config": {
    "model_path": "models/Qwen3-VL-2B-Instruct",
    "adapter_path": null,
    "test_data_path": "data/dataset_test_canonical_clean.json",
    "images_dir": "sample_images",
    "output_dir": "eval_results_v3_deterministic",
    "torch_dtype": "bfloat16",
    "device_map": "auto",
    "max_pixels": 262144,
    "max_new_tokens": 512,
    "temperature": 0.0,
    "do_sample": false,
    "seed": 42,
    "bootstrap_samples": 1000,
    "confidence_level": 0.95
  }
}